{
	"$baseURI": "https://yal.cc/r/20/pixelfont/",
	"$version": "1.0",
	"in-glyphs": [
		"ABCDEFGHIJKLMNOP",
		"QRSTUVWXYZabcdef",
		"ghijklmnopqrstuv",
		"wxyz,.:;'\"!?()<>",
		"[]@#$%^&*-_+=/\\~",
		"`|{}1234567890Àà",
		"ÁáÂâÄäÃãÈèÉéÊêËë",
		"ÌìÍíÎîÏïÒòÓóÔôÖö",
		"ÕõŒœÙùÚúÛûÜüŸÿÇç",
		"Ññ¡¿€£₱ß«»„“°ªº¥"
	],
	"glyph-color": "auto",
	"in-kerning": [
		""
	],
	"glyph-width": 6,
	"glyph-height": 12,
	"glyph-ofs-x": 1,
	"glyph-ofs-y": 1,
	"glyph-sep-x": 1,
	"glyph-sep-y": 1,
	"glyph-base-x": 0,
	"glyph-baseline": 8,
	"glyph-spacing": 1,
	"font-is-mono": false,
	"font-em-square": 1024,
	"font-line-gap": 0,
	"font-ascend": 768,
	"font-descend": -512,
	"font-px-size": 128,
	"contour-type": "pixel",
	"font-type": "ttf",
	"font-name": "Odderf Basic",
	"font-author": "Jamie Brownhill",
	"font-copy": "(c)",
	"font-version": "Version 1.0",
	"font-desc": "Sweet fonts to leave your worries behind you",
	"font-license": "https://www.jamiebrownhill.com/asset-license",
	"font-license-url": "https://www.jamiebrownhill.com/asset-license",
	"font-sample-text": "The quick green frog jumps over a lazy bog. Wait, that doesn't sound correct...",
	"font-preview-text": [
		"The quick green frog jumps over a lazy bog.",
		"He smells like poopoo peepee.",
		"Getting that $$$$",
		"£ my ass",
		"PokémonTHE QUICK BROWN FOX JUMPS OVER A LAZY DOG.",
		"the quick brown fox jumps over a lazy dog.",
		"0123456789jlljkl_"
	]
}